,Accuracy,Precision,Recall,F1-Score,ROC-AUC
Logistic_Regression,0.52,0.10294117647058823,0.3888888888888889,0.16279069767441862,0.4658038720538721
Random_Forest,0.8333333333333334,0.18181818181818182,0.1111111111111111,0.13793103448275862,0.5617108585858586
SVM,0.4,0.11290322580645161,0.5833333333333334,0.1891891891891892,0.46485690235690236
XGBoost,0.7333333333333333,0.16666666666666666,0.3055555555555556,0.21568627450980393,0.5851220538720538
GNN,0.88,0.0,0.0,0.0,0.4319234006734007
